Name,Nit,Manager
Zulema Bremmell,7964489747,Ambrosio Shales
Chas Windridge,4948470678,Alejandro Strutz
Simonne Conyers,0612213293,Stephine Goater
Pearla Vlach,4570887724,Hadleigh Wybrew
Cecelia Donald,9512968614,Jermain Boagey
Weston Brockhouse,9651626801,Kimbell Kinglake
Dierdre Webby,3010743203,Worthington Lawton
Shelbi Rentelll,4176476877,Rickert Pietroni
Bran Heis,8372223858,Hannie Wolver
Mozelle Graffham,2074208839,Morissa Raith
Ciel Suggitt,7463821455,Trenton McAsgill
Gerard Hovert,0602315719,Cathyleen Maymond
Harper Hedworth,8706876897,Salomo Buckleigh
Rutledge Duthy,3718206684,Ruth Lambertazzi
Dalia Stonehouse,1630422312,Lynn Michelin
Erskine Adamkiewicz,9114168995,Dov Klee
Ethelin Tudbald,1595802460,Salomon Hause
Therine Woolner,1805589938,Katherine Aird
Onfre Phear,2178153283,Julieta Pawelek
Olvan Leeves,2781667471,Fremont Cromack
Chastity Cess,1617775878,Xaviera Treves
Eadie Hamblen,7509949947,Chalmers Gierek
Gwenore Jiroutek,2678693228,Mommy Parnby
Devinne Liddle,0270540865,Celeste Pryer
Allene Castellanos,7095673411,Arthur MacRierie
Leontine Bowkett,3773689209,Shermy Gavagan
Linoel Goodhay,2746330873,Kelwin Gentsch
Gabrila Gilks,1226369707,Oralle McCarly
Sapphira Godbert,7977048205,Maurine Glowach
Annmaria Groger,2433921481,Eleanor Troup
Waite Van Der Hoog,8870717577,Arabella Choak
Wendall Laughlan,0974251216,Lauryn Hastler
Janek Bradie,4883030865,Errol Tasseler
Margaretta Langthorn,1634595858,Kayle Timmis
Wallache MacVanamy,3105337741,Giacinta Bullick
Beckie Stuchbury,8111300581,Devy Gue
Ginevra Passler,3239977745,Angelita Gregoraci
Sonny Clarson,8437906237,Tobiah Tench
Veronique Morgon,8995600063,Tersina Leatherland
Janifer Nealey,0001428136,Retha Skune
Norbert Neat,5452337660,Gene Kyte
Blakelee Crich,0741011395,Christyna Emmot
Cedric Gaule,8283422324,Guthry Serris
Fredra Sarch,7980446232,Haywood Kerswell
Trudi Edgerton,1126523860,Broddy Antonich
Ingram Cull,5302742829,Meryl Calrow
Brianne Milan,6537415519,Janot Amsberger
Barty Tomsa,8718970354,Marcellina McCuaig
Anastasie Hughson,4619894540,Gare Labin
Addia Petrozzi,5778194250,Hertha Eliesco
Nyssa O'Hartigan,7490877164,Grenville Stenton
Duffy Sodor,9666191520,Cori Lugton
Gregg Mettricke,6709276589,Sidney Littlemore
Natalie Riatt,3178886540,Avis Gomes
Skip Szubert,3592406922,Gavin Jori
Glen Savatier,8864284850,Avram Maling
Lory Kenna,3754136763,Lester Giacomini
Britni Perks,4848084857,Anastasie Abramamov
Philippine Suddick,2122203609,Torry McEvon
Kendra Chaunce,2450503218,Robby Losty
Otis Seary,8693372882,Waldo Lamperti
Chrysa Ferrieri,7966485730,Linda Hedylstone
Deanna Redihalgh,1708908633,Ursala Demogeot
Krishnah Blas,7359006996,Tessa Stockford
Darby Slatter,6601867225,My Cordner
Enrico Perico,7144849808,Travis Jakubovski
Adora Alps,8213372042,Julieta Wordsley
Gussy Mansion,8550928151,Aubry Wohlers
Cortie Stedson,4246776491,Fonsie Castellet
Park Dugue,6008570235,Gabie Reddell
Stephanus Hudleston,7050478482,Cathy Signe
Pembroke Beckitt,4390240927,Rivi Lettley
Clare Bascomb,3103416954,Gabriello Dullingham
Byrann Bondesen,0623717913,Isabeau Samsworth
Cart Blanko,8924705776,Arlinda Syvret
Josephina Gilhool,8333908861,Roxy McVey
Lishe Holde,0210265825,Dasi Levitt
Tiffi Eblein,9667217159,Charmaine Lavallie
Roselle Toun,0152708456,Austin Buey
Dario Borris,2122237503,Beatrix Swinden
Boycie Kinchin,0952514990,Edie Rome
Yorker Jurries,3725741492,Meridel Limbrick
Hyacinth Otley,0544276515,Sansone Gerbi
Cris Dumingo,2785786912,Alfreda Skillings
Clerissa McIlmurray,8848460437,Stearne Earie
Marti King,4248721325,Blaire Retchford
Lynnea MacAulay,7271983988,Rupert Yerby
Lanna Garroway,2564707653,Val Durker
Klemens Kleinhaut,2927342040,Pascale Curd
Laird Quarry,6554354980,Seymour Gantz
Madge Celez,4261009323,Lauraine Crosoer
Rosy Rushmare,7645648864,Murry Poncet
Hermie Papes,2051147353,Ardeen Capaldo
Rogerio Geary,2619365147,Viviana Bedburrow
Shanna Fells,6213821813,Pip Etchells
Millie Chitson,9190694147,Travus Christley
Sherwood Geerling,4006160984,Mozelle Bentjens
Nissa Lis,6904306254,Prue Clendinning
Nana Foystone,8671399826,Pepillo Giacopetti
Kara Giacomo,2516352069,Laurene Chimenti
Kathryne Symcoxe,1989907067,Ekaterina Brissenden
Velvet D'Ambrogi,7714752394,Brocky Plank
Linn Annakin,3175892337,Levi Castrillo
Marlane Lanfere,7703207284,Eolande Clemens
Pris Briscam,0118358200,Aubert O'Towey
Even Squibb,4256169687,Nolly Venton
Bud Kingerby,1134031718,Emlyn Surtees
Dalis Sola,1840004665,Devin Perrin
Merv Toghill,0334543150,Caresse Topley
Brucie Felderer,7995558406,Cordi O'Hogertie
Stoddard Sprowles,5259501233,Arlan Bainbrigge
Daveen Reddings,9163353547,Josefina Hawler
Saunders Morrill,2554967091,Gerrie Peskin
Pansie Telezhkin,6675025945,Kamila Gare
Barthel Althrop,0684622726,Rene Rayne
Isis Spreckley,2571644807,Rona Campa
Niels Petel,7493674310,Misha Pietzker
Hugh Kingzet,8896008093,Jemmie Barette
Bo O'Shea,8287461782,Perla Churchard
Sam Fitzroy,2218404443,Charmaine Spilisy
Norry Dagnall,3348434351,Woodie Persian
Isak Bauldrey,6454030911,Lolly Henkmann
Reinhard Tirrell,2614875872,Allina Jankovic
Reeva Levay,1945965916,Buckie Coddrington
Ellwood Bethune,7964706225,Drake Ortler
Lauren Gullis,2795533200,Rod Casari
Estelle Evitt,3231879868,Maxy Rosling
Faun Keighley,5014687210,Ad Fermer
Kessiah Halsted,6752923817,Jeramie Conor
Ami Ream,2659271550,Geri Pearne
Patric Chesson,9578450087,Dominga de Werk
Saundra Spybey,7392355295,Silvie Ormistone
Tom Bellord,1839235004,Vern Staziker
Cornie Brumfitt,4491158622,Garvin Furlong
Nollie Bristoe,8099160444,Prudi Gillingwater
Christi Srawley,6162737306,Tildie Hove
Garner Dunkirk,8834306201,Laural Savaage
Ed Duthie,7352100253,Wendel Jurkowski
Marcela Warboy,5316459547,Rriocard Teresse
Bernette Chard,9598711609,Nicoli McLaggan
Krystle Coutts,5778910053,Augusta McVanamy
Siegfried Gillingham,6219721403,Kelly Gilloran
Trever Sotheron,0682081051,Torr Andrault
Inger Robroe,1154747344,Stevy Bilston
Kenyon Grebbin,8918219016,Elizabeth Nuccii
Elane Dalby,2865170446,Stephi Woan
Merell Petriello,0366154931,Sherry Reading
Godiva Roullier,5018106344,Olympia Clears
Cletus Cockshutt,0212135880,Shela Dimberline
Vivyan Bosence,2010119266,Shel Boas
Jodee Emons,0371164346,Kelcey McKeefry
Quent Scrine,7591874268,Kathye Gittus
Annalee Elland,7516951935,Mary Domm
Valeda Gasnoll,9041947469,Brendin Taunton.
Ingrid Pantone,4917369819,Janis Dymidowski
Abner Habert,0269195602,Aharon Horley
Tiff Willmer,5174655651,Sharity Pilkington
Townie Cabell,6678026365,Arel Gradly
Tiler Townes,4697994264,Jacob Karpushkin
Sigismondo McGeachy,9959520846,Thomasina Breitler
Spike Sancto,3095465955,Conny Billborough
Estele Klezmski,0592111415,Ronna Rollett
Mickey Ninnoli,0671404962,Corabella Averall
Gusta Bailess,2343336466,Jordana O'Carran
Luke Reveley,1113141832,Trudy Beades
Minta Sharpley,3017382982,Bessy Ducarne
Vic Dhenin,8536273356,Kerby Chappel
Eustace Lymbourne,7346039572,Giuseppe Pechard
Vivi Wabersinke,2119722528,Roze Straun
Irv Andreone,3641598508,Jeanine Itzkovitch
Hubey Magnus,5239611009,Hana Witling
Roscoe Scrimgeour,8095363979,Joshua Hanton
Jeanine Boston,4481914688,Vasilis Schole
Lishe Whithalgh,3147982726,Cherise Coonan
Morse McParland,6725588808,Reine Aleavy
Benito Klimowicz,0943098963,Ynez Baxandall
Enid Shill,0637687760,Sonni Beckhurst
Simmonds Linneman,8187140348,Hatti Heffer
Grange Tappin,2888739194,Sam Pranger
Melisent Wormleighton,8363434450,Kelsey Geroldini
Dino Houldin,3147930629,Juline Goodin
Penelopa Trott,7938691135,Leopold Raine
Gaylor Carlill,2242996924,Onofredo Grayley
Ritchie Fursland,0172775507,Caye Bambrugh
Brien Regan,0492295662,Lorens Miquelet
Obed Bernollet,7493475652,Noni O'Day
Alwin Nixon,6022434467,Paton Crinion
Karlen Donisi,8590767477,Jasen Feitosa
Claresta Haddacks,4542895467,Barb Farrell
Onofredo Kivits,4079662467,Hastie Hempshall
Valdemar Skillington,0621914584,Kaja Di Pietro
Job Karpmann,8073892170,Cam Tranter
Lek Haacker,9738389488,Francklin Smeaton
Myrle Abrahams,2941942661,Kippy Sweetman
Chelsae Jeenes,1050573226,Arnold Markushkin
Valma McMurdo,6907663120,Tanney Boullen
Trix Benneton,5033398296,Anna-diana De Roberto
Haydon Nawton,8275894107,Jermayne Catonne
Marje Mees,5440116389,Simonette Gaine
Craggy Cartmale,6229903857,Sansone Quinton
Park Lappin,9793394110,Rodina Gissop
Olimpia Zorzetti,9138004445,Ofelia Worshall
Eliot Tonkinson,5512637797,Alyson Mowen
Jarrett Askaw,5478883123,Irene Dear
Miles Birtle,9283780930,Jandy Loakes
Renata Wapol,9835690294,Dani Garbutt
Enrico Stetson,8754470196,Jacques Sherry
Nerty Pherps,5691516795,Giralda Matcham
Sheba Gittus,9620569555,Dorice Stirzaker
Kevina Goldster,6993745569,Vergil Robey
Othella Cream,2778497773,Dory Povah
Oby Lots,1306995833,Heath Paramor
Borden Purvis,2363509137,Benjie Filchakov
Lawrence Scamel,9201059000,Meredith Hannay
Frankie Loughead,0161282563,Euphemia Titcombe
Maurene Colvill,7264934675,Sabine Hansman
Jameson Roderick,2881807895,Hertha Blackadder
Neda Iacoviello,1696600901,Kandace Kinchin
Carmela Haith,5296944380,Kimberlee Frisdick
Rosaline Fortune,8863474818,Kirbie Spadelli
Ada Loach,5061051564,Sax Bolter
Kelly Pethick,5951537304,Virgina Woodson
Benedick Synan,0723082804,Skyler Galea
Dennie Griggs,3486730762,Kari Brunner
Moe Berfoot,0464240816,Alberta Hrishchenko
Eleanora Shrimptone,1370636938,Clari Duling
Tommie Tomlins,8836412009,Jens Mix
Christopher Euels,9515385598,Rem Vane
Leela Cady,9400518242,Brad Berryman
Aloin Tambling,0073634344,Shena Cuseick
Alis Feaveer,6585415388,Jenn Sushams
Andonis Barthel,8464950616,Riley Longley
Tiebout Attwood,4371224806,Row Le Fevre
Clayborn Apfler,8708121249,Georgianne Salsberg
Arch Croxton,0831094192,Llewellyn Jacox
Leigha Aymes,8626048408,Ilsa Swiggs
Ali Triggle,0192723316,Mischa Cannon
Willdon Marriot,5061176812,Beverley Cowp
Parrnell Veschambes,8942959008,Willyt Orta
Lilas Baylay,7866341397,Josie De Miranda
Jorgan Bridgewater,1899398104,Noellyn Raise
Oates Iskov,9980282649,Anallese Garside
Candice Vann,6982519996,Carmella Owbrick
Mercie Allsopp,9697298084,Gardener Sherman
Mozelle Killich,3357441756,Agnella Skrine
Chrotoem Cough,9636561060,Mikael Berresford
Dominique Garrand,3126506917,Axel O'Sirin
Phineas Mellody,9397167642,Cosetta Osipov
Angelle Zienkiewicz,9697468311,Laurens Freshwater
Omero Shemmans,3900903166,Georges LeEstut
Thurstan McAnellye,2625447893,Eilis Kitcatt
Tobye Izachik,0545647665,Olive Ruf
Gifford Josifovic,2145222286,Sidonia Iskower
Kathy Habershaw,3690830672,Mattie Orriss
Gabrielle Illsley,1113393742,Falkner Cloney
Ross Geldard,3368537865,Katy Andrus
Rayshell Polamontayne,0784265216,Beatriz Dudgeon
Elaine Pear,8100216290,Roda Witcomb
Merl Trew,4241471757,Ulick Brealey
Halli Minchenton,2542895996,Herta Jobb
Hercules Kinder,3700280157,Emery Jeanel
Toby MacLaverty,4593931886,Marilin Meekins
Mortimer Leyshon,2703540191,Quentin Trevan
Barry Knewstubb,0626435048,Marget Wigelsworth
Merlina Botright,8518269253,Oliviero Hamor
Mirilla Younger,2684015856,Roosevelt Flobert
Nina Lawtey,6689812731,Dario Dennistoun
Tracey Grimsley,5983608908,Xenos Emeney
Adey Saich,9996587649,Roddie Lucks
Gare Server,6844694199,Dorey Cadigan
Frederic Salliss,4283866911,Sigfried Cogswell
Marlene Jelleman,4439926576,Towney Manuel
Alair Haydock,9501171272,Morrie Stallebrass
Anthony Bickmore,4305055031,Dare Cherry
Fanya Binyon,0268304106,Leigh Dowall
Merrill Grishagin,2495621619,Noelle Verdy
Rochelle Balcers,7116837523,Almira Melchior
Noe Necrews,4314671815,Frasier Bamlet
Bax Gahagan,8586542326,Amabelle Feenan
Glyn Skitral,1735059609,Steward Gegay
Isidoro Bonnaire,1626240744,Willis Labes
Tracey Moncur,1227970072,Francisco MacTrustram
Lori Brewitt,5348209600,Urson Kelbie
Mandi Frampton,2321432306,Cynthie Eaklee
Marlon Wolffers,7978036456,Parnell Vicary
Alistair Bracegirdle,3540494529,Courtnay Massow
Sandor Brough,3041039397,Julietta Clinton
Edmon Farden,8542177495,Celestina Langdon
Xerxes Overstone,0921040717,Pebrook Rizzotto
Ernesto Skilling,5175585193,Marja Pendall
Louisa McArte,4657509071,Tootsie Windrum
Susanetta Bartle,0715924966,Britte Bellhouse
Budd Dashkov,3989015370,Averill Oslar
Linnet Wingfield,0082402205,Cathee Paxforde
Kristoforo Sallan,2732588571,Faun Senchenko
Vergil Simmgen,2870767226,Alecia Baroche
Megan Fullard,4062830442,Rosamund Hew
Marc Domenget,4500687955,Odelinda Courtes
Dorie Loddon,9670840899,Donnamarie Dornan
Logan Radolf,9068145703,Leonerd Hall-Gough
Claiborn Johansen,2672918333,Marlin Leverentz
Crichton Hazelhurst,2228110574,Jaquith Gillooly
Nil Hazelgreave,0858966727,Grover Klimas
Fairlie Emsden,8665965157,Zitella Simnell
Katrine Carbine,4811474406,Mae Rigbye
Nowell Antonias,8042147554,Ryann Moulsdale
Shelagh Routham,1342716337,Isac Dabel
Carling Skelton,2148370111,Chryste Huyhton
Nanni Wofenden,7615587360,Pier Karpenya
Cybill Noulton,5302304562,Herbie Parsell
Eldon Andreichik,7584512054,Crawford Deniskevich
Izaak Tessyman,4868186736,Daffie Lovejoy
Mia Sewart,1333143753,Siobhan Paolotto
Weston Wells,2519461527,Eb Perfect
Esra Cuolahan,8448361482,Mozelle Lawman
Kara-lynn Holcroft,4052887735,Bentley Bassilashvili
Kellie Eddies,5469711781,Cristi Sugars
Miof mela Slyman,7763293853,Elvina Luckes
Vinnie Tennant,6513052858,Wallis Slobom
Nadean Wohlers,3625155648,Haywood Yitzowitz
Jacenta Kunat,1449998577,Kirsti Phelan
Allyce Simner,9835249288,Kermie Kerner
Silvie Hinkens,5351321262,Ham Tranter
Geri Yves,6724042771,Francis Gilcrist
Fraser Adamo,7521401247,Radcliffe MacGinley
Itch Wormald,7972638462,Leontyne MacGruer
Ev Castelletti,3282244290,Herschel Posthill
Sarette Renon,7790803956,Paulie Mapplethorpe
Gnni Olkowicz,5779621934,Codi MacGoun
Siobhan Jurges,2789851158,Leela Creebo
Arnold Gostridge,3148022599,Avictor Paterno
Robinson Hartfleet,8979911858,Kattie Cavil
Laurene McGarel,5426221650,Diahann Tooby
Bevvy Ramsbotham,3532695383,Chicky Boik
Jessica Corrett,4315879029,Glynda Ector
Arliene Boote,7305247871,Andrea Puxley
Grata Beazleigh,7812461521,Sylvan Kippen
Gaby Chastenet,9593828788,Pepi Rumbelow
Kingston Staker,3760250386,Bianka Frowing
Pauly Unsworth,7360717930,Vidovic Collaton
Lance Witherden,3135325490,Bev McPeice
Templeton Sawfoot,6909476697,Gustave Keppy
Seth Vasyukhichev,0257676309,Aryn Philimore
Henka Redgate,6471992122,Prentiss Bickford
Aubrette Cloutt,6239154121,Allsun Twizell
Nollie Willimott,7914600873,Georgina Aireton
Sadella Frusher,6162516857,Sondra Erni
Juli Fullom,0723628904,Lida Curds
Kilian Peek,0360785204,Lauralee Grigoriev
Carley Tattoo,0363158316,Syman Grassick
Bird Vogelein,8174232974,Jeramie Cready
Corey Harback,4503662244,Wilhelmina Staneland
Kerrie Bernardo,5831789659,Stanislaw Sobieski
Auguste Bushe,2410383769,Flinn Pyott
Orin Broggio,6065840297,Whitman Cheale
Clarissa Dikle,4846972798,Zaccaria Taplow
Darnall Bedward,3674278340,Kaela Marginson
Shirline Kinsley,2242531115,Piper Taborre
Antonia Coxen,1358079129,Flory Gouldeby
Juieta Emons,6536527577,Elwood Rookesby
Norean Lodwig,8231496955,Sascha Blesing
Jarrod Currin,5616401641,Bailey Maldin
Caye Coggin,1034083333,Karie Stigers
Art Comer,7196392787,Raynell Carrick
Barnebas Vaissiere,1107651123,Lonnard Wherrit
Bevan Waldron,5053095132,Erskine Wootton
Jade Exell,9974177480,Ola Hatherleigh
Leanor Dorken,9323916617,Mufinella Dellenbroker
Ahmad Klulicek,3113871344,Kimberlyn Keggin
Eudora Bridgstock,3906217515,Vickie Blofield
Shanon Wetheril,7672829971,Nickolai Dracey
Rosene Deeks,4914318334,Myrah Gateley
Gerda Gordon,1275271030,Shanda Pallatina
Jemmy Bosden,7978507823,Marga Caines
Stephana Yeldham,8766605334,Bee Gumm
Rosetta Ciccone,1878120336,Belvia Shackleton
Hillary Danton,1070011010,Cly Gawkes
Brandi Blenkiron,5719769951,Alvinia Cockcroft
Angie Devaney,1419707434,Albertine Gobeaux
Randie Beart,7504764736,Wynny Fincken
Tobit Finders,3194384708,Rosalia Morrow
Rik Moulton,4039757564,Brandais Lafont
Natka Simonich,8435468070,Herbie Lampe
Kamila Emanson,7508100883,Somerset Ropars
Harlie Motion,6430804488,Gael Chaves
Clare Sprowell,6921555127,Florida Orr
Heddi Dyster,5800266514,Bibbie Skally
Padriac Duckerin,8342987868,Hobart Lutwyche
Kearney O'Cridigan,7902863866,Port Nelthrop
Orlando Stiger,8441633940,Welsh Spennock
Clotilda Dyneley,8344596777,Adriano Huebner
Mathias McEvoy,8870998258,Renell McLaverty
Vida Burdass,1449161170,Bevan Qualtrough
Mattheus Heatlie,9034169456,Trudie Brissenden
Torre Jakoubec,3195745992,Junina McLanaghan
Jehanna Sterre,1149202319,Iorgo MacAvddy
Estele Thorburn,1974385116,Alberik Loadman
Gillie McGeffen,8334211546,Hyacinthie Bergin
Marietta Scouse,9162311425,Ailyn Pasquale
Simonette Grzelewski,6025491011,Noll Zellmer
Haywood Scandrick,2816914909,Minta Pegler
Ezechiel Featherstonhaugh,1180790642,Jeremy MacColgan
Nichole Lovering,8247554887,Benedetto Zellmer
Pietrek Yarrington,1223028119,Pippo Bigham
Alice Bolf,6236535019,Layla Rogger
Vernice Hector,8238770378,Bili Lusk
Katrine Zanelli,6724616735,Vale Bartalini
Johny Dumper,7380519980,Agnola Parrett
Ty Muscat,0107722755,Colet Yakushkev
Kassandra Gilman,3907428315,Walt Clipsham
Margot Bagwell,0984905049,Valida Commins
Mommy Alesio,7135945492,Nolie Eltune
Dave Balcers,9967118393,Philippe Enright
Nadean Breadon,3070762883,Albert Votier
Noreen Wayvill,7322945794,Brendan Gallyhaock
Jarret Eginton,9142907047,Ryley Miranda
Goldi Denham,7334175719,Winifred Punton
Ilysa Rannie,2496550537,Sidonnie Mundell
Tootsie Le-Good,0111487676,Coralyn Seacroft
Guillaume Sprowle,7120485962,Kimberli Hughland
Sadye Cherryman,9824918019,Rudy Meric
Vin Kittoe,4488483496,Dewitt Paintain
Austin Harnell,8397615857,Reilly Cochrane
Kessiah De Malchar,1652711058,Orlando Pearcey
Melantha Yoxen,0582641829,Reginald Warke
Marcello Lidgely,3624115529,Jimmy Goodie
Fran Grube,3138208088,Shelly Danslow
Ellyn Lyon,4433898031,Ebony Shovlin
Oswell Schops,0370001176,Tyne Freeborn
Bert Portail,1200206002,Mab Henkmann
Arch Ray,0452520673,Angelika Djokovic
Prudi Portt,7695942316,Quincey Blei
Blondell Tiley,4682792040,Paul Stampfer
Josephina Cahill,2309752886,Gladys Drife
Dell Hellicar,4946362347,Hedy Parrot
Dennison Davers,3229990382,Hartley Gercken
Constantine Letixier,5457768864,Valera Pothecary
Nefen Pioli,1201837529,Alvina Treweek
Gus Alfonsetti,8748092983,Dex Magson
Vallie Lumsdall,6728505695,Stephi Ochterlonie
Chere Race,7273949922,Lucia Pawlaczyk
Kandace Brettelle,2609710968,June Lowsely
Blair Sessions,8402541739,Brewer Moorhead
Arabelle Cockerton,0235692441,Christean Sackes
Stanwood Kuna,6954046825,Fred Roose
Sandra Bonnette,3715313099,Saba Byatt
Thorvald Verheyden,7455855001,Cleve Dumbelton
Krista Heatly,6699353861,Tedmund Youde
Cherye Scotchmoor,1057247138,Gare Battrum
Rory Stubbley,1466373431,Gordie De Mattei
Mayor Kharchinski,8066033737,Lyman Laddle
Fairleigh Djorevic,3008131301,Sayers New
Griff Ossipenko,8894719294,Francyne Monkley
Eleni Whitley,9660178409,Holt Cleghorn
Bentley Clamp,5152730138,Ginger Monument
Tades Marryatt,9858170017,Saunderson Fieldgate
Leonidas Farries,2636449221,Jaclyn Gippes
Molly Fancett,1242767835,Gill Purdy
Orton Darrington,1216515980,Howie Gerner
Anthe Reinbech,0768344611,Tarah Oblein
Domenico Trayford,3897615878,Ramonda Strippling
Sydney Bovaird,6599077579,Stavros Reay
Carlos Tregidgo,2834241619,Taber Bage
Ave Jee,9939994788,Mable Endrizzi
Bryanty Di Gregorio,4621386425,Caressa Buterton
Willie Belding,2817611438,Wood Barukh
Ginger Freiberg,3841268110,Genny Geelan
Ring Browell,5306175163,Arnold Roller
Willa Dowe,5002320597,Giulio Eccleshare
Garrett MacGowing,1451351488,Hollyanne Phillot
Ina Godthaab,4508481086,Lynna Lahiff
Jacenta Basill,3626212246,Perceval Dessant
Gisella Stayt,9843540468,Valentin Halms
Nickolaus Batt,0257997741,Demetre Lowrie
Janenna Piller,3008137555,Constantine Skechley
Laurice Olive,3016552655,Velma Ramplee
Hynda Muffitt,0168555654,Collin Huggins
Marjie Togwell,1710903198,Shaine Beminster
Gothart Sulman,0530182165,Murielle MacMaykin
Antoni Antonescu,2946210502,Lura Jacobowitz
Georgeanne Ryal,2488831506,Eugine Clues
Flossi Trorey,4355398870,Codi Ather
Albertine Sutor,3283850348,Flory Kleeborn
Joel Carme,4415168019,Garrot Freda
Case Finker,7266839793,Bernete BURWIN
Nanni Sprott,0741483386,Albertine Hornung
Julita Ericssen,7031136121,Eloisa Authers
Orville Lundbeck,3817906307,Kelly Pepperd
Sandor Glazzard,8843444794,Dinny Isack
Marleen Lowthorpe,0994432933,Estrella Ingree
Muffin Branton,8993196478,Tobe Wyllie
Martynne Jeduch,1735651818,Norah Vanichkov
Elnar Winterflood,2581315881,Jakob Spight
Even MacCard,0847332098,Hatty McCready
Crin Jeffreys,0758768915,Nola Cheke
Blair Warby,2916634258,Guinna Malster
Jefferson McKeever,3922824854,Archibold Natt
Kaiser Leathart,2282981766,Modestia Golde
Aggy Gonnin,7188177678,Jamal Godier
Dyanna Pantone,5411161266,Karrie Askem
Orlando Keatch,2131757689,Malissia Beedom
Deana Everton,3522975499,Cord Dibbert
Penny Gladebeck,9801351578,Jyoti Le Gall
Brynne Pennigar,7480943377,Kylynn Deary
Clo Durrance,3298059145,Wenona Haysham
Viole Kielty,2540249957,Chrotoem Guesford
Marina Dreigher,4270088389,Alaric Gainsford
Danyette Piggot,7633045558,Bennie Songist
Dela Ashpital,5479902067,Levi Wittman
Kalila Muehle,0256334641,Shea Rabier
Janice Batchelar,3566291722,Lisette Aggis
Ruben Knappett,8053353614,Yolande Record
Gunar Struis,9907398748,Hodge De Cleen
Nataniel Warr,6270107822,Chickie Purches
Buddie Grishanin,3671210184,Nobe Smedley
Mario Andino,4838655053,Poul McKinney
Aloisia Haggard,6699931660,Jarad Bradbrook
Graeme Peach,4040452216,Maris Bowle
Barry Forge,4813896200,Flin Boak
Wheeler Folomin,9114538725,Kacie Fanstone
Silvan Ivanishev,1030500827,Frances Harrell
Glennie Thrower,1374532827,Casar Pellamonuten
Rea Scryne,8549626384,Elita Fouldes
Fredi Fabri,6422279396,Chalmers Le Guin
Batsheva Bricksey,0548081522,Valentin Cocklie
Morgana Margett,4945644004,Ethelyn Liversage
Cornell Doughton,5649560994,Marian Clemanceau
Drugi Lewry,5753336256,Dill Tomas
Clemmy Snodden,4656191299,Sherilyn Klemmt
Vance Levick,5390869885,Munroe Sowman
Hildegarde Veeler,6825454196,Prisca Belvard
Conny Gater,0332008495,Claretta D' Angelo
Gene Sedgman,8334819471,Jermayne Fawltey
Abigail Jacques,3152980094,Camile Alvarado
Dew Atcherley,9096789067,Lexine Chessell
Geri Buche,7598151938,Lauren Bauduccio
Moses Nordass,9223015820,Ambrose Henworth
Jobi Kybird,2447431813,Annalee McEvay
Madelyn Greenall,7438947351,Micaela Littlekit
Brina Brittoner,0260062014,Ches Heeps
Mira Hadden,6367745289,Alasdair McIlveen
Rhetta Joliffe,7126583974,Brynna Van Arsdalen
Chrisse Stairs,2481284453,Gabe Crighton
Carson Grishelyov,7901223073,Virgie Label
Liana Gulley,9048635950,Annis Borsi
Margette Hought,7108962136,Dorice Sent
Libby Snyder,1570288925,Chevy Lettson
Darcie Holsall,2983357198,Norris Hatchard
Darrin Jobke,1677637552,Arlen Sherr
Vittoria Wigan,3220249345,Cheryl Lockey
Minna Cordelet,6279594025,Adara Grioli
Bonnie Jopp,7268313640,Gabriel Cleverly
Winny Walliker,5108787987,Sarette Comben
Cathrine Follacaro,1848967608,Vern Gutherson
Hanan Caldicot,0442168632,Granville Haddon
Bekki Paddington,2201234914,Turner Wickliffe
Catlaina Burlay,6041149969,Rawley Bottomore
Kym Heaney,7779641104,Fabe Varah
Karoline Reyner,3733181964,Clerkclaude Haggath
Doreen Stanlack,6137964175,Arv Petrosian
Pepi Abrami,7159783107,Dannie Pregal
Garfield Karet,9419055760,Thaine Claris
Benedikt Brambell,9196672552,Zachery Theodoris
Shir Wanley,5076732589,Yoshi Willson
Savina Eplett,1936930307,Emelita Duckfield
Stacy Shakespeare,9815212400,Wallace Tidcombe
Missie Battista,6147294539,Hershel Hanning
Ulises Enston,0204850754,Netti Coneley
Isa Rate,1513200194,Amory Blouet
Bat McWhinnie,5273233135,Annice Shelbourne
Nealy Sherreard,9796858657,Ruperta Hassin
Miltie Franzini,7789622226,Catherina Fasset
Collete LAbbet,0579931099,Murray MacDermid
Jacintha Silliman,2176977556,Ricky O'Keeffe
Ardis Bracchi,7695847380,Garwood Swanne
Madonna Stripp,7780469115,Claudelle Peele
Linnet Batchelar,2776040644,Monty Dudderidge
Marthe Brayshaw,9683631495,Tanitansy Shawe
Cassius Wevell,5546938471,Sarena Huncote
Aura Plover,0770776779,Fidel Bedenham
Marylinda Joannet,6768685473,Aldous Wallas
Magdaia Philipart,4957648549,Opalina Neissen
Dianna Rilston,5474664729,Hillier Beswell
Frederico Kiffin,1736358715,Oriana Minghella
Libbi Hudspeth,3561291325,Pebrook Gravener
Michel Thomassin,6243033422,Nanny Keegan
Reinaldo Hauch,4802945345,Lynde Burnyate
Charil Trimbey,0372315054,Andie Kubasek
Dyann Kirsop,8015260973,Chadwick Sutworth
Evita Berford,6825923692,Lyndsey Rustman
Temp Guilford,2014624526,Bea Yuryshev
Bernette MacVaugh,7614435427,Irv Engall
Perrine Casserly,3594321665,Bud Henker
Kyla Acres,8679303992,Melamie Corcoran
Lilli Amies,1569880840,Aila Frostdyke
Andras Lankester,1202598420,Theresa Granger
Thalia Bedder,6969003248,Randene Carpmile
Kaylee Watchorn,3782769732,Susie Skeleton
Hallie Osmint,4079570694,Hill MacKim
Melina Gilhool,8574301388,Prisca Southers
Nevsa Rusted,7238365219,Abner Galia
Aline Hallibone,9344077800,Skipper Kobierra
Swen McPhillimey,9632766830,Ronna Buchanan
Steffane Rraundl,2662088133,Derby Calabry
Julina Grinin,0622803204,Junia Peppard
Garik Ply,6261718016,Arielle Barwell
Gannie Daens,9274640935,Somerset Terbrugge
Alva Dommersen,1817381490,Nata Taffe
Morse La Vigne,7461093177,Marie-ann Bangham
Billye Werny,6127237149,Charlie Giordano
Nessie Zorzini,0921967497,Daniel Barhims
Alvina Hearnden,2695627149,Xena McKevitt
Erinna Drinkale,9497940696,Ingaberg Granham
Dionne Philliphs,7975655759,Laryssa Ortell
Nicoline Kinch,4040670523,Belicia Garwood
Kelwin Carlisi,6165145280,Timmy Haslum
Rosana Simmon,2206381664,Brew Beelby
Rogers O' Hanvey,8102366591,Jonathan Baptist
Chan Cosgreave,7318752057,Rich Urpeth
Janice Goldsberry,3446318631,Brewer Ballentime
Bernardine Dollard,3749301980,Ethel Resdale
Gwyn Pickworth,4749711772,Roddie Benedyktowicz
Orv Constantine,6510377128,Hewitt Kohler
Tedie Geeraert,5360037083,Welch Dreger
Obadiah Daviddi,6395813358,Sydel Lauthian
Ethan Marzelle,7579884860,Gloria Blundell
Arly Osgarby,3688634160,Brocky Wind
Kirbie MacDowal,4925996045,Madalena Lomansey
Darrelle Doldon,5534938188,Natalie Branni
Pavlov Jeggo,3810370037,Fredericka Woodhall
Aaren Hanham,6102573072,Rebekah Hynd
Auberon Plaschke,0848253302,Lindy Gosalvez
Dotty McCalister,1502180154,Leeanne Flynn
Kerry Babar,5208461501,Lorianne Leaver
Ritchie Imloch,6161872021,Corny Wolseley
Hailee Soeiro,6411202087,Adelbert Birtonshaw
Gerty Bemment,3379846082,Herminia Rigney
Jourdain Chenery,7117155728,Karole Penni
Puff Chippindale,2136754882,Becky Hamner
Cyb Simkovich,7276292053,Ruddie Howlin
Domeniga Ottawell,7421919767,Kippy Beaven
Guy Tee,1086842030,Brandy Caron
Mirella Amburgy,7491770266,Garwood Sidwick
Orel Hutchens,3738886303,Elton Wintersgill
Millicent Cornelis,1423470206,Katherina Clarey
Angelo Lindermann,5886184414,Denver Skevington
Elvis Behne,4816816194,Killy Petteford
Reggie Cheson,7798776613,Mureil Cockson
Rickey Souttar,6424662375,Pearl Kneeshaw
Laryssa McLuckie,6224595046,Cchaddie Swyndley
Tanner Teenan,0328341401,Theresina Cheesley
Kaine McCritichie,5780658072,Teena Levicount
Sheri Cockrem,9236250181,Jehanna Lowfill
Ortensia Hinze,3732888428,Drucill Doore
Saxe Goeff,7701093184,Bernita Olijve
Minetta Keddie,5005872442,Quinn Dawbury
Sophey Linham,2707426393,Halie Cammack
Michal Haggith,7115688842,Aggie Pallant
Rollie Huxter,8970299882,Lauralee Signorelli
Elisa Gwynn,6010913659,Brooke Vasilyonok
Austen Trowsdale,7370761002,Kurtis Garber
Aguie Tames,5832138988,Nancee Pitts
Micky Prattington,9576053749,Reilly Ellick
Penelopa Lipscombe,6934849825,Dorotea Heyworth
Vita Kalkofen,0346876796,Brynn Kegg
Jackie Szymaniak,2389112366,Dinny Leavey
Adi Guille,5293487809,Clyve Kimber
Tessy Eyeington,0525859942,Staford Chamney
Pollyanna Stoggell,4243077126,Findlay Rake
Harmony Handley,4942773660,Ambrose Peat
Hirsch Murford,5758959197,Arlinda Burel
Warden Todari,0279618794,Kincaid Gudd
Camila Aucutt,4660147576,Christos Plaskitt
Mandie Lilie,3879961506,Humbert Doig
Hanny Rothman,2610927169,Sherm Bronot
Tabatha Mulleary,9026915764,Susy Bielfeldt
Justino Squier,4421764094,Innis Snaden
Joletta Rizzolo,2216601322,Kasper Fevier
Koral Fryman,1682835065,Cosette Boon
May Eglise,4492024239,Daile Gostage
Granger Thal,6509847957,Gayle Woolmer
Olenolin Anniwell,9690513664,Mora Trathan
Elias Kunc,6760700139,Earl Ades
Angie Colenutt,4200540649,Bryn Gherardelli
Elladine Skirrow,7919470293,Christiano Denisard
Jaclin Nason,6326320569,Silvan Ormesher
Gwyn Langstaff,6321632465,Borden Haack
Melisent Jon,3297844434,Lutero Flode
Alexander Trengove,3027723049,Adams Simonutti
Frasco Dysart,7146541657,Maxie Enterlein
Beatrice Graal,0577488864,Algernon Kynvin
Nickie Malcolm,2196926418,Petronia Bocock
Zorine Litel,0466611412,Farlee Vautin
Roseanne Tomasik,5864651761,Lyman Cranshaw
Nell Jelf,8492277440,Harlene Rassell
Barrie Hamblyn,5222413543,Rickie McGuffog
Tim Seifert,0225000482,Ivar Lakenton
Wilbert Sulter,5133364768,Reggie McCallum
Serge Pottle,0106645951,Ashbey Loughead
Audrye Leonarde,3535002540,Oralie Dron
Vidovic Fairbairn,7639672783,Hadria Howler
Amabelle Ginner,8459000214,Hamil Whittock
Ashlan Duignan,0280690134,Jozef Guierre
Robinet Ostrich,9528402852,Shawn Kleehuhler
Loren De Brett,0334473225,Leia Harms
Guillemette Greydon,5357346038,Linea Snadden
Dacie Dulson,7472092622,Wilmar Woodhall
Renee Coopman,4674190967,Reuben Rucklesse
Giles Renault,0689518234,Gerek Hens
Traci Ernshaw,4215929458,Korry Dargan
Marius Hamprecht,8480840331,Laura Delph
Timmy Davidsson,6424163514,Allie Zollner
Jeffry Schultz,7495479981,Gretta Harrower
Maye Ruske,6722019764,Donovan Cervantes
Liane Austing,3580105116,Abrahan Geraud
Raynor Randles,7201638459,Lewes Polamontayne
Roderigo Morrott,7874255658,Niki Senton
Amalee Pau,7616922651,Jacquelin De Beauchamp
Frank Sand,1673493823,Mercy Basterfield
Andre Moakler,8224324311,Trudi Emblin
Teddie Giacomi,4042421563,Cornelia How
Giustino Vasyukov,1822171334,Maitilde Danihel
Alex Iacopini,8957005838,Sandor Paridge
Izaak Poundford,2565131232,Daisi McKniely
Tammi Grayston,8187696958,Haskell Robertshaw
Broderick Pionter,8726288923,Tressa Degue
Henrik Cassidy,0051101270,Riobard Biasi
Lula Paroni,1617061492,Monty Cragell
Elmore Oswell,3916671359,Grover Jennemann
Carla Gierardi,4959217626,Ailee Ayre
Morgun Brookzie,7136538084,Zola Longwood
Krishna Kilgour,1932349529,Christian Semmence
Parry Collimore,8197842582,Alanah Jagiello
Maura Quarrie,3180313838,Reine McConnell
Isabella Coye,1349970042,Orrin Bonhill
Juanita Rosebotham,3073167722,Clementine Attenbrow
Berkie MacIllrick,9240125701,Urbanus Flea
Gordie Godding,6781984683,Charyl Barrand
Meaghan Somers,9142138477,Leonora Verlinde
Dukie Sprade,5979038590,Silvana Dishman
Beatrice Danet,3473709700,Marsh Kobieriecki
Madelina Szymanzyk,7022273723,Jeffie Pyvis
Brendan McGrorty,8779646131,Collen Swainger
Terrel Perroni,8032174036,Chip Casbon
Elsie Longman,2500576191,Bell Cawdery
Normy Dugget,4136957696,Alexandros Wiffill
Veronike Gery,8836154050,Maury Arminger
Klarrisa Toffaloni,9777629036,Olivero Moorman
Chevy Marquese,1003264638,Burk Moules
Mortimer Thorrold,9357484450,Brooke Velden
Vaclav Hancorn,7334046420,Veronike Cardon
Sapphire Jakobsson,8151248432,Max Berthelet
Bil Filyashin,5263399111,Dorise Polglaze
Garv Stickles,4746888981,Ambrose Berg
Gerri Heinke,6493012376,Freeland Flageul
Pattin Aim,2071548043,Cosmo Waplinton
Shir Gowdy,0186002076,Julieta Kembery
Demetris Binfield,5738487036,Ethelin Hanes
Eve Glusby,1526838079,Marlowe Stanesby
Norry Yaxley,3600461737,Maurene Feares
Courtney Giberd,2086703007,Calida Moral
Louis McCome,4946843132,Pedro Vannacci
Kamilah Jaan,1111241287,Marrissa McBrearty
Kale Malenfant,3146549565,Claresta Waywell
Albertina Marston,8375945528,Esdras Stallybrass
Alfy Placstone,3854721757,Daven Feighney
Connie Grinnell,1074260902,Bill Flamank
Trace Ezzy,7854354987,Jordan Aujouanet
Hollyanne Robens,9143523161,Carlene Dewan
Drucy Mannooch,1862176701,Wilmar Romaine
Kingston Ferencowicz,6589649189,Laird Kubacki
Beryl Duncanson,9306795254,Jodie Coggan
Cammie Burrage,0753387530,Gris Stoacley
Lilith Burress,7573992572,Lishe Bras
Chloris Vaz,7357071375,Elliot Alexandrou
Della Imason,7019508375,Shea Bernardot
Giulietta McKelloch,6861712205,Galven Asals
Wylie Brophy,8433811053,Dene Birdfield
Gavin Andree,4196777430,Aloin Clawe
Aleda Grzegorek,8092347980,Pren Herrieven
Emmery Riddeough,5579779240,Beatrisa Ellaman
Ode Vella,3545208842,Lou Silberschatz
Sherilyn Niezen,4294617446,Wilbur Royden
Halley Milkins,8303033115,Kipper Marcum
Joachim Ramelot,2351795377,Bernelle Castane
Meriel Klugman,5411255872,Juliann Firth
Gussi Sherlaw,3170580191,Rebeca Gentle
Marlowe Minnette,4819122436,Teressa Salisbury
Janeen Muro,0185090184,Alli Weymont
Stan Ninnis,1504218434,Kleon Canham
Evangeline Beak,2624391134,Abra Chattington
Vanessa Armall,1880951924,Lona Sidebottom
Jody Hussy,4018236212,Torrin Cavanaugh
Felic Sibbons,1562182099,Virgilio Endecott
Bette Pillman,6549910897,Loralie Klemz
Bess Pochin,9784428393,Pegeen Leaf
Khalil McIleen,3311460545,Allina Ragot
Gualterio Crinkley,3073628940,Arabele Seczyk
Sly Lilian,5711163507,Laure Ronaghan
Cathy Kleinmann,6492723651,Bradley Harring
Corette Aberhart,3102419399,Bethany Kornel
Amie Townson,8072536613,Janine Keelinge
Kellen Albrighton,1452284369,Harriot Rimington
Blanche Turle,9267489631,Normie Beri
Micki Jarmyn,6653959376,Sophi Capstake
Keene Gant,1434581950,Gunilla Presslie
Maribelle Truckett,6106904863,Conny Sprowson
Hilario Klagges,7954312232,Kizzee Vaun
Kyle Pandie,4466776733,Eugenio Hryniewicz
Pamela Hearl,6711294173,Lisle Trundler
Baldwin Mucillo,5837716424,Gonzales Garnsworth
Norman Bazeley,6950498543,Corty Antosch
Cher Peeters,0053463544,Sisile Leppington
Moira Dan,5388804801,Bab Bavister
Lyndsey McDugal,0554579936,Johnathan Shoveller
Anica Mattedi,6305621861,Obediah Bernardoni
Dorelia Mayzes,9110294287,Skip Grzesiak
Scottie Bromehed,4392325725,Lanna Thresh
Nichole Deer,3880144184,Karlie Roaf
Sammie Braunroth,4854960957,Prudence Halegarth
Culley O'Spillane,5241037330,Jedd McTrustam
Addie Brunsden,6504918422,Gawain McDermot
Hulda Marfe,6758887898,Britni Huge
Kaine Leabeater,3942105667,Sabina Thomsson
Nil Murby,8535453253,Gonzalo Fasset
Perle Macey,4581610079,Ber Poletto
Constantino Clempton,0914280600,Herbert Grinishin
Bearnard Sacaze,2906566756,Amalee McRannell
Cary Knewstubb,3823344781,Frank Jagiela
Kipper Matteacci,5966557470,Mady Bedder
Bonnee Fawthorpe,9168335806,Trish Eassom
Ferguson Bean,3815055415,Karisa Gwillyam
Noland Bolzmann,5425113307,Gaven Faulconbridge
Annabella Chatres,2464088579,Etti Betteney
Kelcie Riccioppo,9149136011,Cindie Zamora
Marcile Alberts,3031673484,Marcellina Winterbotham
My Laurentino,2159030821,Tallie Eggleton
Annis Sanson,4130438220,Neysa West-Frimley
Yule Golborne,4083924063,Barclay Costello
Carey Dounbare,1412630479,Gonzalo Siene
Grenville Shyram,5742897634,Christan Cawsey
Marj Dearth,3406529712,Daveen Waite
Judas Duling,0726613568,Travus Skilbeck
Jermaine Quickfall,0788886681,Garrard Baumford
Dominga Gladdish,7756756371,Janetta Leake
Timmie McCobb,7489028647,Eva Phlippsen
Ginnifer Pache,4074853922,Kippie Minigo
Lani Nijssen,1444343785,Nils Ashcroft
Dode Vel,1886876843,Karlotta Grigolli
Zacharias Hourstan,1708286233,Ev Leve
Larisa Dinkin,3950080929,Land Clavering
Dominic Ioannidis,2681804922,Phyllys Stanlock
Georgina Yantsev,0459218069,Carroll Mewton
Finley Garstang,8394761399,Anderea Roggeman
Chicky Flisher,3298644323,Frasier Glenn
Vikky Weatherburn,8120140052,Stafani Gwyther
Marcile Causley,2796682080,Lilly Haston
Angie Kaindl,8782342288,Porty Tompkiss
Perri Follan,1980368724,Erroll Storrier
Oralle Cromer,6434772386,Juliet Elliott
Judah Petrov,2710930323,Miof mela Mulberry
Gerladina Tibald,7745863686,Eulalie Callander
Collete Di Roberto,2127013212,Iris Schust
Florenza Gherardi,0341069485,Diena Furnell
Gertrude Darrow,7553701297,Wallache Blodgett
Teddie Outright,4884464885,Mab Rasher
Meagan Castaneda,8278775850,Erhart Piddington
Shelley Danilenko,2064522441,Tyrone Deeble
Roddy Jacke,1755033621,Barton Iiannone
Brew Carine,3857722282,Becky Haggus
Gayel Pretious,4547378312,Sean Colles
Illa Kobes,8613867162,Dale Caldroni
Aubrey Mucillo,4926149729,Xaviera Presnell
Celisse Franey,5855518167,Lottie Paur
Freeman MacShirrie,7725016562,Octavia Corbitt
Sampson Belbin,1839513772,Elsbeth Houseago
Trina Garvagh,9474780188,Tarrah Alcott
Travis Brezlaw,5191418727,Minny Thebeau
Abdel Ludmann,4276914345,Junia Gyngell
Hali MacKain,6510340771,Robinet Guillet
Cynthie Hugueville,7821856177,Zita Lightollers
Rozanna Pedron,2120280576,Rhona Dabell
Fields Crennan,2163173593,Rosetta Jolland
Raynard Estick,1975008227,Julietta Rivitt
Elaina Berk,4955657958,Susana Stripp
Rosabella Peppard,3711162029,Shamus De Dei
Marthena O' Dooley,6354650675,Butch Kolushev
Tomasina Barenski,3591136360,Danila Girardot
Tildy Hamer,7716097725,Domini Prendergast
Adriana Rizzardini,4828748903,Florida Marlin
Bridgette Schwandner,8837776144,Mireielle Yegorovnin
Base Hinrichsen,7679057605,Tania Edworthie
Roderigo Sowter,4840477450,Eduardo Le Fevre
Rosita Cove,1200335112,Olimpia Cartledge
Adele Woolveridge,1551716828,Sherman Lindenman
Franny Ridsdale,6598341884,Rosalia Robb
Celestine Feehery,6888645398,Ortensia Lorenzetto
Annamarie Blinder,6548865022,Penny Dederick
Nixie Whitlaw,1408209373,Margery Zanre
Carlie Binley,8415707614,Bill Loggie
Denney Bente,0600824411,Jeniffer Hamlett
Libbi Methven,1995651354,Jacinthe Orrah
Clyde Goodliffe,6614368346,Berny Claus
Elisabet Hodgets,8142838788,Lacey Abbis
Barris Paxman,2900741947,Lenka Grinyakin
Roanna Menlove,7993153700,Feodor Murr
Terra Pirri,5579998279,Kristos Stait
Daisy Tullis,3195743159,Virge Buchanan
Ellswerth Amphlett,1218992530,Wit Brattan
Aharon Bricket,9278076562,Sauncho Gonsalvo
Noach Cundict,0409673390,Katina Benjamin
Jeannine Grundy,7662119262,Gustave Thurstan
Dmitri Gayle,7466092918,Daisie Dougharty
Linnea Ferguson,4467732470,Tori Hofner
Tremaine Webland,8695789136,Norine McGready
Lyssa Sywell,2440604585,Sammy Habgood
Dareen Baress,6356198419,Harmonia Pendlington
Nike Housecraft,4718638127,Cyndi Brentnall
Daniella Benettolo,1947515527,Niki Covey
Brennen Paddeley,3021710867,Spenser Fowler
Holly-anne Sloam,5408189775,Arleyne Conrath
Ari Agglio,3143918411,Lynnelle Flello
Shoshana Gwyn,7338451494,Maximilianus Demeza
Kippy Aldam,0529853965,Hadley Matuszak
Licha Craine,7904838923,Joellyn Corkitt
Bertha Lutton,9419123936,Ethelda Slateford
Clemente Heathcott,6411664803,Kristen Dilgarno
Rachele Joly,9866827755,Corene Grigoriev
Kat Shory,0855533250,Maris Loughrey
Maddy Bernaciak,9696268955,Ree Garrad
Luise Mount,6587970001,Kiele Luty
Glyn Brandrick,3014702633,Stefano Nalder
Correy Couchman,6156333495,Tobey Piperley
Sven Trappe,2242739255,Rayshell Tuddenham
Mandi Arson,8020120319,Alonzo Rosson
Davin Fulford,9614615427,Winfred Shipperbottom
Maud Helwig,6858763384,Arabel Catmull
Giusto Abrahmson,9032098152,Lee Vennart
Maryann Wenman,0061046876,Juan Dunlop
Jillayne Cryer,0801177103,Ester Godar
Erminie Truett,0654052263,Querida Kerin
Ian Gilardoni,3998271368,Jerri Szymonwicz
Alethea Impy,1011961083,Putnem Legion
Dorita Sunter,3957472504,Neysa Jepp
Selestina Tarburn,9074669565,Agosto Pawson
Bobbee Braidley,8148506809,Meta Lockwood
Byrle Edmett,2384163973,Trina Schultz
Curran Philippson,3288182068,Malorie Stephenson
Julissa Skeech,5700611457,Gwendolen Duchateau
Gayleen Road,8515959720,Arty Scaife
Aluin Pattinson,8128431471,Henrieta Hartil
Vonny Hubbis,0766665747,Xymenes Haighton
Launce Slocumb,9848385347,Hilary Price
Jodie Tuckey,7104978186,Talya Kellington
Clemmie Moakes,7998212497,Carlee Garioch
Hakeem LAbbet,1136395989,Viki Gabriel
Morse Andrivel,7670152680,Orel Wilkisson
Rhetta Caveney,6691961145,Johnna Bowkett
Smith Mant,6300756785,Bibi Czajkowska
Forbes Scade,2901880088,Camellia Kieran
Marleah Seery,5194210620,Rebekah Baroche
Emmy Burchard,5413221037,Martie Kobierra
Vevay Etchingham,0261276190,Adolf Kiddey
Renae Quirk,0093978529,Broddie Rubertelli
Rutger Bartke,0072790520,Dusty Brothwood
Ingemar Baccup,2496355076,Madelle Camilleri
Eben Clavering,6544364835,Jordain Cuddon
Nikolaus Marler,1806616645,Ole Marjoram
Eveleen Liebmann,4231931976,Durant Feathers
Rriocard Brownlea,7099314890,Rupert Berrill
Gregorius Grimwood,0148564437,Carce Bedboro
Dore Sherwen,6354459002,Noah Bowring
Bellina Earthfield,1077498640,Mannie Durant
Sheffy Kopman,4490046294,Vanni Brabender
Elsi Wegner,1808474619,Noemi Ledur
Lucila Gimber,0746510373,Deborah Leagas
Agnella Richichi,3082346731,Putnem McChruiter
Kylen Barkess,6482683754,Cristen Chadbourne
Sansone Gethins,7453695759,Abramo Mizen
Petronia Curryer,4886855091,Elisa Hoyland
Margie Overpool,4412898318,Callie Bover
Magdalene Stonehouse,0574760679,Orsola Robbel
Julina Lippett,3735306098,Marget Maciejak
Janean Ettery,3609649275,Bidget Clutten
Honor Dendle,0884719855,Olav Louedey
Elvyn Samsonsen,0525455418,Yasmin Oakinfold
Pepe Kingsworth,0636804658,Franny Sheraton
Ajay Dobrowolski,5106356822,Erasmus Derill
Ines Eadmead,3268289053,Jarrid Ewer
Alick Sheehan,4181445275,Edee Ablett
Guillemette Huortic,1395881812,Lynea French
Caro Callingham,9703710085,Batsheva Deddum
Darrick Lazer,6159404601,Adlai Seeviour
Orlando Tilio,9718823646,Tamara Chatelot
Rabbi Andrich,7308358232,Jenifer Lapslie
Rosemonde Gilford,7177024506,Tawnya Fairlem
Beatrix Thon,4804869689,Redford Munby
Merrile Kubiczek,4402072964,Bunnie Garaghan
Elinor Cantwell,8289205783,Culver Puleston
Myrna Tours,8742164788,Raleigh Dobinson
